{"schemaVersion":"1.0","appDefinitionTemplate":{"id":"/providers/Microsoft.PowerApps/apps/","type":"Microsoft.PowerApps/apps","tags":{"primaryDeviceWidth":"1366","primaryDeviceHeight":"768","sienaVersion":"20200802T184417Z-3.20073.20.0","deviceCapabilities":"","supportsPortrait":"false","supportsLandscape":"true","primaryFormFactor":"Tablet","publisherVersion":"3.20073.20","minimumRequiredApiVersion":"2.2.0","hasComponent":"true","hasUnlockedComponent":"true","isUnifiedRootApp":"false"},"properties":{"appVersion":"2020-08-02T18:44:17Z","lifeCycleId":"Published","createdByClientVersion":{"major":3,"minor":20073,"build":20,"revision":0,"majorRevision":0,"minorRevision":0},"minClientVersion":{"major":3,"minor":20073,"build":20,"revision":0,"majorRevision":0,"minorRevision":0},"backgroundColor":"rgba(142, 140, 216, 1)","backgroundImageUri":"/14554266534330814499/N9a8748f4-174e-46e8-87f9-56dad831f190-logoSmallFile","displayName":"PowerTab","description":"Discover the integration options between Teams and PowerApps","commitMessage":"DisplayMode.Edit","appUris":{"documentUri":{"value":"/14554266534330814499/N20f67787-609d-4ad0-a2a7-944111d944d4-document.msapp"},"imageUris":[]},"createdTime":"0001-01-01T00:00:00Z","lastModifiedTime":"0001-01-01T00:00:00Z","sharedGroupsCount":0,"sharedUsersCount":0,"icons":{"smallIconUri":"/14554266534330814499/Na8f93df9-66a4-4f4c-b3f2-9c6b39159c4c-small.png","mediumIconUri":"/14554266534330814499/N78e0bb3e-e742-4bd1-ac10-9cd683858014-medium.png","largeIconUri":"/14554266534330814499/N671151b7-35be-40c7-9d4e-3e45d131f1f6-large.png","wideIconUri":"/14554266534330814499/N88ae703d-6e79-483c-a7f3-5fefba263a3e-wide.png"},"connectionReferences":{"e0df05ad-9a12-47c3-982d-86bb951a55b2":{"id":"490474eb-32db-4756-8bd1-107149358fff","displayName":"Microsoft 365 Groups","iconUri":"https://connectoricons-prod.azureedge.net/releases/v1.0.1373/1.0.1373.2081/office365groups/icon.png","dataSources":["Office365Groups"],"dependencies":[],"dependents":[],"parameterHints":{},"isOnPremiseConnection":false,"bypassConsent":false,"dataSets":{},"apiTier":"Standard","isCustomApiConnection":false},"5cf80714-3d32-466b-9cf4-178e7efa24d5":{"id":"87e68a6f-ae71-4c92-8c0d-87f3ee3a22e6","displayName":"Microsoft Teams","iconUri":"https://connectoricons-prod.azureedge.net/teams/icon_1.0.1366.2054.png","dataSources":["MicrosoftTeams"],"dependencies":[],"dependents":["4a8c2484-fe4a-4309-ae9d-5212c7aa3c50"],"parameterHints":{},"isOnPremiseConnection":false,"bypassConsent":false,"dataSets":{},"apiTier":"Standard","isCustomApiConnection":false},"b7a4cda6-9da5-4275-b518-446311c23ac4":{"id":"ce5e40e1-b939-44e1-b428-e9d9e6876b87","displayName":"Logic flows","iconUri":"https://resourcestackdeploy.blob.core.windows.net/scripts/13276078.png","dataSources":["PowerAppsbutton_1"],"dependencies":["060263c3-c232-49f6-bd7a-14beb57a88a1"],"dependents":[],"parameterHints":{"workflowName":{"value":"e0f7c8b9-3bc8-48cd-b66f-a710c6799591"},"060263c3-c232-49f6-bd7a-14beb57a88a1":{"value":"shared_teams_1"}},"isOnPremiseConnection":false,"bypassConsent":false,"dataSets":{},"apiTier":"Standard","isCustomApiConnection":false},"060263c3-c232-49f6-bd7a-14beb57a88a1":{"id":"87e68a6f-ae71-4c92-8c0d-87f3ee3a22e6","displayName":"Microsoft Teams","iconUri":"https://connectoricons-prod.azureedge.net/teams/icon_1.0.1366.2054.png","dataSources":[],"dependencies":[],"dependents":["b7a4cda6-9da5-4275-b518-446311c23ac4"],"parameterHints":{},"isOnPremiseConnection":false,"bypassConsent":false,"dataSets":{},"apiTier":"Standard","isCustomApiConnection":false},"4a8c2484-fe4a-4309-ae9d-5212c7aa3c50":{"id":"ce5e40e1-b939-44e1-b428-e9d9e6876b87","displayName":"Logic flows","iconUri":"https://resourcestackdeploy.blob.core.windows.net/scripts/13276078.png","dataSources":["PowerTab-Reply"],"dependencies":["5cf80714-3d32-466b-9cf4-178e7efa24d5"],"dependents":[],"parameterHints":{"workflowName":{"value":"3e327c42-3785-4d0d-8ba2-b9dd74300c43"},"5cf80714-3d32-466b-9cf4-178e7efa24d5":{"value":"shared_teams_1"}},"isOnPremiseConnection":false,"bypassConsent":false,"dataSets":{},"apiTier":"Standard","isCustomApiConnection":false},"14e955c5-c547-4b20-93fc-1331b83d1a4d":{"id":"ce5e40e1-b939-44e1-b428-e9d9e6876b87","displayName":"Logic flows","iconUri":"https://resourcestackdeploy.blob.core.windows.net/scripts/13276078.png","dataSources":["PowerTab-GetTabInformation"],"dependencies":["26b146da-e656-40f7-a88a-850953b8f37a"],"dependents":[],"parameterHints":{"workflowName":{"value":"ec82a560-29d9-46be-90f5-c8d426e5f405"},"26b146da-e656-40f7-a88a-850953b8f37a":{"value":"shared_webcontents"}},"isOnPremiseConnection":false,"bypassConsent":false,"dataSets":{},"apiTier":"Standard","isCustomApiConnection":false},"26b146da-e656-40f7-a88a-850953b8f37a":{"id":"cbfeb807-31b5-4b94-9343-2575bbf7d2b8","displayName":"HTTP with Azure AD","iconUri":"https://connectoricons-prod.azureedge.net/releases/v1.0.1373/1.0.1373.2081/webcontents/icon.png","dataSources":[],"dependencies":[],"dependents":["14e955c5-c547-4b20-93fc-1331b83d1a4d"],"parameterHints":{},"isOnPremiseConnection":false,"bypassConsent":false,"dataSets":{},"apiTier":"Premium","isCustomApiConnection":false}},"databaseReferences":{},"embeddedApp":{"type":"TeamsApp","screenWidth":1366,"screenHeight":768},"almMode":"Environment","performanceOptimizationEnabled":false,"canConsumeAppPass":true,"executionRestrictions":{"isTeamsOnly":false,"dataLossPreventionEvaluationResult":{"status":"Compliant","lastEvaluationDate":"2020-10-29T19:48:46.1277012Z","violationDetails":[]}}},"isAppComponentLibrary":false,"appType":"ClassicCanvasApp","appComponents":[]}}