{"schemaVersion":"1.0","appDefinitionTemplate":{"id":"/providers/Microsoft.PowerApps/apps/","type":"Microsoft.PowerApps/apps","tags":{"primaryDeviceWidth":"1366","primaryDeviceHeight":"768","sienaVersion":"20200602T095147Z-3.20053.22.0","deviceCapabilities":"","supportsPortrait":"true","supportsLandscape":"true","primaryFormFactor":"Tablet","publisherVersion":"3.20053.22","minimumRequiredApiVersion":"2.2.0","hasComponent":"false","hasUnlockedComponent":"false","isUnifiedRootApp":"false"},"properties":{"appVersion":"2020-06-02T09:51:47Z","lifeCycleId":"Published","createdByClientVersion":{"major":3,"minor":20053,"build":22,"revision":0,"majorRevision":0,"minorRevision":0},"minClientVersion":{"major":3,"minor":20053,"build":22,"revision":0,"majorRevision":0,"minorRevision":0},"backgroundColor":"rgba(142, 140, 216, 1)","backgroundImageUri":"/18020299791280908691/N62b42597-4d9f-4ffa-ac47-8eea81e9c783-logoSmallFile","displayName":"Chameleon","description":"","commitMessage":"icon and screen updates","appUris":{"documentUri":{"value":"/18020299791280908691/N08dfff79-1f18-4455-9947-0dbd2bf1faab-document.msapp","readonlyValue":"/18020299791280908691/N08dfff79-1f18-4455-9947-0dbd2bf1faab-document.msapp"},"imageUris":[]},"createdTime":"0001-01-01T00:00:00Z","lastModifiedTime":"0001-01-01T00:00:00Z","sharedGroupsCount":0,"sharedUsersCount":0,"icons":{"smallIconUri":"/18020299791280908691/N17b86298-5fbb-46d0-a497-13e8e9a5bfd5-small.png","mediumIconUri":"/18020299791280908691/N84f470fe-6a13-4184-b9b5-ab31bc891bd9-medium.png","largeIconUri":"/18020299791280908691/Nd6b56f5e-4e34-43c5-90ad-96b9fdb0e08d-large.png","wideIconUri":"/18020299791280908691/Nbc3d26d2-883b-44e3-842b-6ae65a78aec8-wide.png"},"connectionReferences":{"5cf80714-3d32-466b-9cf4-178e7efa24d5":{"id":"87e68a6f-ae71-4c92-8c0d-87f3ee3a22e6","displayName":"Microsoft Teams","iconUri":"https://connectoricons-prod.azureedge.net/teams/icon_1.0.1354.2019.png","dataSources":["MicrosoftTeams"],"dependencies":[],"dependents":[],"parameterHints":{},"isOnPremiseConnection":false,"bypassConsent":false,"dataSets":{},"apiTier":"Standard","isCustomApiConnection":false}},"databaseReferences":{},"embeddedApp":{"type":"TeamsApp","screenWidth":1366,"screenHeight":768},"almMode":"Environment","performanceOptimizationEnabled":true,"canConsumeAppPass":true},"isAppComponentLibrary":false,"appType":"ClassicCanvasApp","appComponents":[]}}