{"name":"3b5a0584-c1fe-4511-871f-05cb52e09c0c","id":"/providers/Microsoft.Flow/flows/3b5a0584-c1fe-4511-871f-05cb52e09c0c","type":"Microsoft.Flow/flows","properties":{"apiId":"/providers/Microsoft.PowerApps/apis/shared_logicflows","displayName":"PowerTab - Get Tab Information","definition":{"metadata":{"workflowEntityId":null,"creator":{"id":"cb4d216f-1e86-4b8b-94f0-c213b258d376","type":"User","tenantId":"f1265e86-ad12-460a-bd6b-e0f9394bc80b"},"provisioningMethod":"FromDefinition","failureAlertSubscription":true,"clientLastModifiedTime":"2020-06-01T10:53:00.6604576Z"},"$schema":"https://schema.management.azure.com/providers/Microsoft.Logic/schemas/2016-06-01/workflowdefinition.json#","contentVersion":"1.0.0.0","parameters":{"$connections":{"defaultValue":{},"type":"Object"},"$authentication":{"defaultValue":{},"type":"SecureObject"}},"triggers":{"manual":{"type":"Request","kind":"PowerApp","inputs":{"schema":{"type":"object","properties":{"entityId_Inputs":{"type":"any","description":"Inputs","x-ms-powerflows-param-ispartial":false},"channelID_Inputs":{"type":"any","description":"Inputs","x-ms-powerflows-param-ispartial":false},"groupId_Inputs":{"type":"any","description":"Inputs","x-ms-powerflows-param-ispartial":false}},"required":["entityId_Inputs","channelID_Inputs","groupId_Inputs"]}}}},"actions":{"Invoke_an_HTTP_request":{"runAfter":{"GraphTeamsTabUrl":["Succeeded"]},"metadata":{"flowSystemMetadata":{"swaggerOperationId":"InvokeHttp"}},"type":"ApiConnection","inputs":{"host":{"connection":{"name":"@json(decodeBase64(triggerOutputs().headers['X-MS-APIM-Tokens']))['$connections']['shared_webcontents']['connectionId']"},"api":{"runtimeUrl":"https://europe-002.azure-apim.net/apim/webcontents"}},"method":"post","body":{"method":"GET","url":"@{outputs('GraphTeamsTabUrl')}","headers":{"Content-type":"application/json"}},"path":"/codeless/InvokeHttp","authentication":{"type":"Raw","value":"@json(decodeBase64(triggerOutputs().headers['X-MS-APIM-Tokens']))['$ConnectionKey']"}}},"GraphTeamsTabUrl":{"runAfter":{"inputs":["Succeeded"]},"type":"Compose","inputs":"https://graph.microsoft.com/beta/teams/@{triggerBody()['groupId_Inputs']}/channels/@{triggerBody()['channelID_Inputs']}/tabs?$expand=teamsApp&$filter=configuration/entityId eq '@{triggerBody()['entityId_Inputs']}'"},"TeamsTabInfo":{"runAfter":{"Invoke_an_HTTP_request":["Succeeded"]},"type":"ParseJson","inputs":{"content":"@body('Invoke_an_HTTP_request')","schema":{"type":"object","properties":{"@@odata.context":{"type":"string"},"@@odata.count":{"type":"integer"},"value":{"type":"array","items":{"type":"object","properties":{"id":{"type":"string"},"name":{"type":"string"},"displayName":{"type":"string"},"teamsAppId":{"type":"string"},"sortOrderIndex":{"type":"string"},"messageId":{},"webUrl":{"type":"string"},"configuration":{"type":"object","properties":{"entityId":{"type":"string"},"contentUrl":{"type":"string"},"removeUrl":{},"websiteUrl":{"type":"string"},"dateAdded":{"type":"string"}}},"teamsApp":{"type":"object","properties":{"id":{"type":"string"},"externalId":{"type":"string"},"name":{"type":"string"},"displayName":{"type":"string"},"distributionMethod":{"type":"string"}}}},"required":["id","name","displayName","teamsAppId","sortOrderIndex","messageId","webUrl","configuration","teamsApp"]}}}}}},"Respond_to_a_PowerApp_or_flow":{"runAfter":{"Details_of_first_matching":["Succeeded"]},"type":"Response","kind":"PowerApp","inputs":{"statusCode":200,"body":{"distributionmethod":"@body('Details_of_first_matching')?['teamsApp']?['distributionMethod']","tabconversationmessageid":"@body('Details_of_first_matching')?['messageId']","tabid":"@body('Details_of_first_matching')?['id']","teamsappid":"@body('Details_of_first_matching')?['teamsAppId']"},"schema":{"type":"object","properties":{"distributionmethod":{"title":"distributionMethod","x-ms-dynamically-added":true,"type":"string"},"tabconversationmessageid":{"title":"tabConversationMessageId","x-ms-dynamically-added":true,"type":"string"},"tabid":{"title":"tabId","x-ms-dynamically-added":true,"type":"string"},"teamsappid":{"title":"TeamsAppId","x-ms-dynamically-added":true,"type":"string"}}}}},"Initialize_variable":{"runAfter":{"TeamsTabInfo":["Succeeded"]},"type":"InitializeVariable","inputs":{"variables":[{"name":"TeamsTab","type":"object","value":"@first(body('TeamsTabInfo')?['value'])"}]}},"Details_of_first_matching":{"runAfter":{"Initialize_variable":["Succeeded"]},"type":"ParseJson","inputs":{"content":"@variables('TeamsTab')","schema":{"type":"object","properties":{"id":{"type":"string"},"name":{"type":"string"},"displayName":{"type":"string"},"teamsAppId":{"type":"string"},"sortOrderIndex":{"type":"string"},"messageId":{"type":"string"},"webUrl":{"type":"string"},"configuration":{"type":"object","properties":{"entityId":{"type":"string"},"contentUrl":{"type":"string"},"removeUrl":{},"websiteUrl":{"type":"string"},"dateAdded":{"type":"string"}}},"teamsApp":{"type":"object","properties":{"id":{"type":"string"},"externalId":{"type":"string"},"name":{"type":"string"},"displayName":{"type":"string"},"distributionMethod":{"type":"string"}}}}}}},"inputs":{"actions":{"groupId":{"runAfter":{},"type":"Compose","inputs":"@triggerBody()['groupId_Inputs']"},"channelID":{"runAfter":{"groupId":["Succeeded"]},"type":"Compose","inputs":"@triggerBody()['channelID_Inputs']"},"entityId":{"runAfter":{"channelID":["Succeeded"]},"type":"Compose","inputs":"@triggerBody()['entityId_Inputs']"}},"runAfter":{},"type":"Scope"}}},"connectionReferences":{"shared_webcontents":{"connectionName":"a1a95dceb44941e793774ee3d84dfde8","source":"Invoker","id":"/providers/Microsoft.PowerApps/apis/shared_webcontents","tier":"NotSpecified"}},"flowFailureAlertSubscribed":false}}