{"schemaVersion":"1.0","appDefinitionTemplate":{"id":"/providers/Microsoft.PowerApps/apps/","type":"Microsoft.PowerApps/apps","tags":{"primaryDeviceWidth":"1366","primaryDeviceHeight":"768","sienaVersion":"20200309T025831Z-3.20022.19.0","deviceCapabilities":"","supportsPortrait":"false","supportsLandscape":"true","primaryFormFactor":"Tablet","publisherVersion":"3.20022.19","minimumRequiredApiVersion":"2.2.0","hasComponent":"true","hasUnlockedComponent":"true"},"properties":{"appVersion":"2020-03-09T02:58:31Z","lifeCycleId":"Published","createdByClientVersion":{"major":3,"minor":20022,"build":19,"revision":0,"majorRevision":0,"minorRevision":0},"minClientVersion":{"major":3,"minor":20022,"build":19,"revision":0,"majorRevision":0,"minorRevision":0},"backgroundColor":"rgba(104, 101, 171, 1)","backgroundImageUri":"/14554266534330814499/Ndc2c1b31-11b8-402f-ba65-7181d79d4d4b-logoSmallFile","displayName":"PowerTab","description":"","commitMessage":"add Tab root message ID","appUris":{"documentUri":{"value":"/14554266534330814499/N96d35684-ae76-4fdc-9b4f-72214f9ea089-document.msapp","readonlyValue":"/14554266534330814499/N96d35684-ae76-4fdc-9b4f-72214f9ea089-document.msapp"},"imageUris":[]},"createdTime":"0001-01-01T00:00:00Z","lastModifiedTime":"0001-01-01T00:00:00Z","sharedGroupsCount":0,"sharedUsersCount":0,"icons":{"smallIconUri":"/14554266534330814499/N813eb7ff-fccd-4557-90de-668d973b2aa7-small.png","mediumIconUri":"/14554266534330814499/Ne9fd715e-126a-413b-8743-08402dc1ad57-medium.png","largeIconUri":"/14554266534330814499/Ndeccf1d2-7beb-4c17-b154-de9cf8d6adae-large.png","wideIconUri":"/14554266534330814499/N0d00e8b2-2c2c-458d-b338-6372166e6b1d-wide.png"},"connectionReferences":{"e0df05ad-9a12-47c3-982d-86bb951a55b2":{"id":"490474eb-32db-4756-8bd1-107149358fff","displayName":"Office 365 Groups","iconUri":"https://connectoricons-prod.azureedge.net/office365groups/icon_1.0.1306.1889.png","dataSources":["Office365Groups"],"dependencies":[],"dependents":[],"parameterHints":{},"isOnPremiseConnection":false,"bypassConsent":false,"dataSets":{},"apiTier":"Standard","isCustomApiConnection":false},"5cf80714-3d32-466b-9cf4-178e7efa24d5":{"id":"87e68a6f-ae71-4c92-8c0d-87f3ee3a22e6","displayName":"Microsoft Teams","iconUri":"https://connectoricons-prod.azureedge.net/teams/icon_1.0.1302.1868.png","dataSources":["MicrosoftTeams"],"dependencies":[],"dependents":["4a8c2484-fe4a-4309-ae9d-5212c7aa3c50"],"parameterHints":{},"isOnPremiseConnection":false,"bypassConsent":false,"dataSets":{},"apiTier":"Standard","isCustomApiConnection":false},"b7a4cda6-9da5-4275-b518-446311c23ac4":{"id":"ce5e40e1-b939-44e1-b428-e9d9e6876b87","displayName":"Logic flows","iconUri":"https://resourcestackdeploy.blob.core.windows.net/scripts/13276078.png","dataSources":["PowerAppsbutton_1"],"dependencies":["060263c3-c232-49f6-bd7a-14beb57a88a1"],"dependents":[],"parameterHints":{"workflowName":{"value":"e0f7c8b9-3bc8-48cd-b66f-a710c6799591"},"060263c3-c232-49f6-bd7a-14beb57a88a1":{"value":"shared_teams_1"}},"isOnPremiseConnection":false,"bypassConsent":false,"dataSets":{},"apiTier":"Standard","isCustomApiConnection":false},"060263c3-c232-49f6-bd7a-14beb57a88a1":{"id":"87e68a6f-ae71-4c92-8c0d-87f3ee3a22e6","displayName":"Microsoft Teams","iconUri":"https://connectoricons-prod.azureedge.net/teams/icon_1.0.1302.1868.png","dataSources":[],"dependencies":[],"dependents":["b7a4cda6-9da5-4275-b518-446311c23ac4"],"parameterHints":{},"isOnPremiseConnection":false,"bypassConsent":false,"dataSets":{},"apiTier":"Standard","isCustomApiConnection":false},"6dc6b659-e8b4-4a85-a3a5-b17e6ed70477":{"id":"ce5e40e1-b939-44e1-b428-e9d9e6876b87","displayName":"Logic flows","iconUri":"https://resourcestackdeploy.blob.core.windows.net/scripts/13276078.png","dataSources":["PowerTab-GetTabInformation"],"dependencies":["a1734fb3-ab49-4836-af2c-0d81267426dc"],"dependents":[],"parameterHints":{"workflowName":{"value":"ec82a560-29d9-46be-90f5-c8d426e5f405"},"a1734fb3-ab49-4836-af2c-0d81267426dc":{"value":"shared_webcontents"}},"isOnPremiseConnection":false,"bypassConsent":false,"dataSets":{},"apiTier":"Standard","isCustomApiConnection":false},"a1734fb3-ab49-4836-af2c-0d81267426dc":{"id":"cbfeb807-31b5-4b94-9343-2575bbf7d2b8","displayName":"HTTP with Azure AD","iconUri":"https://connectoricons-prod.azureedge.net/webcontents/icon_1.0.1306.1889.png","dataSources":[],"dependencies":[],"dependents":["6dc6b659-e8b4-4a85-a3a5-b17e6ed70477"],"parameterHints":{},"isOnPremiseConnection":false,"bypassConsent":false,"dataSets":{},"apiTier":"Premium","isCustomApiConnection":false},"4a8c2484-fe4a-4309-ae9d-5212c7aa3c50":{"id":"ce5e40e1-b939-44e1-b428-e9d9e6876b87","displayName":"Logic flows","iconUri":"https://resourcestackdeploy.blob.core.windows.net/scripts/13276078.png","dataSources":["PowerTab-Reply"],"dependencies":["5cf80714-3d32-466b-9cf4-178e7efa24d5"],"dependents":[],"parameterHints":{"workflowName":{"value":"3e327c42-3785-4d0d-8ba2-b9dd74300c43"},"5cf80714-3d32-466b-9cf4-178e7efa24d5":{"value":"shared_teams_1"}},"isOnPremiseConnection":false,"bypassConsent":false,"dataSets":{},"apiTier":"Standard","isCustomApiConnection":false}},"databaseReferences":{},"embeddedApp":{"type":"TeamsApp","screenWidth":1366,"screenHeight":768},"almMode":"Environment","performanceOptimizationEnabled":false,"canConsumeAppPass":true},"isAppComponentLibrary":false,"appComponents":[]}}