{"name":"b80bc0a2-0013-4b01-b690-22e50bb24948","id":"/providers/Microsoft.Flow/flows/b80bc0a2-0013-4b01-b690-22e50bb24948","type":"Microsoft.Flow/flows","properties":{"apiId":"/providers/Microsoft.PowerApps/apis/shared_logicflows","displayName":"PowerTab - Post Channel Message with Card","definition":{"metadata":{"workflowEntityId":null,"creator":{"id":"cb4d216f-1e86-4b8b-94f0-c213b258d376","type":"User","tenantId":"f1265e86-ad12-460a-bd6b-e0f9394bc80b"},"provisioningMethod":"FromDefinition","failureAlertSubscription":true,"clientLastModifiedTime":"2020-06-01T10:49:01.4569605Z","flowclientsuspensionreason":"NeverTriggeringDetected","flowclientsuspensiontime":"2020-12-15T06:50:56.2109968Z"},"$schema":"https://schema.management.azure.com/providers/Microsoft.Logic/schemas/2016-06-01/workflowdefinition.json#","contentVersion":"1.0.0.0","parameters":{"$connections":{"defaultValue":{},"type":"Object"},"$authentication":{"defaultValue":{},"type":"SecureObject"}},"triggers":{"manual":{"type":"Request","kind":"PowerApp","inputs":{"schema":{"type":"object","properties":{"Message_Inputs":{"type":"any","description":"Inputs","x-ms-powerflows-param-ispartial":false},"Link_Inputs":{"type":"any","description":"Inputs","x-ms-powerflows-param-ispartial":false},"TeamID_Inputs":{"type":"any","description":"Inputs","x-ms-powerflows-param-ispartial":false},"ChannelID_Inputs":{"type":"any","description":"Inputs","x-ms-powerflows-param-ispartial":false}},"required":["Message_Inputs","Link_Inputs","TeamID_Inputs","ChannelID_Inputs"]}}}},"actions":{"Message":{"runAfter":{},"type":"Compose","inputs":"@triggerBody()['Message_Inputs']"},"Link":{"runAfter":{"Message":["Succeeded"]},"type":"Compose","inputs":"@triggerBody()['Link_Inputs']"},"TeamID":{"runAfter":{"Link":["Succeeded"]},"type":"Compose","inputs":"@triggerBody()['TeamID_Inputs']"},"ChannelID":{"runAfter":{"TeamID":["Succeeded"]},"type":"Compose","inputs":"@triggerBody()['ChannelID_Inputs']"},"AdaptiveCard":{"runAfter":{"ChannelID":["Succeeded"]},"type":"Compose","inputs":{"type":"AdaptiveCard","version":"1.2","body":[{"type":"Image","altText":"Powertab Icon","url":"https://raw.githubusercontent.com/Josverl/PowerTab/master/img/Powertab.png","size":"Medium","horizontalAlignment":"Right"},{"type":"TextBlock","text":"@{triggerBody()['Message_Inputs']}","id":""},{"type":"ActionSet","actions":[{"type":"Action.OpenUrl","title":"Open in App","id":"1","style":"positive","url":"@{triggerBody()['Link_Inputs']}"}]}],"$schema":"http://adaptivecards.io/schemas/adaptive-card.json"}},"Post_your_own_adaptive_card_as_the_Flow_bot_to_a_channel_2":{"runAfter":{"AdaptiveCard":["Succeeded"]},"type":"OpenApiConnection","inputs":{"host":{"apiId":"/providers/Microsoft.PowerApps/apis/shared_teams","connectionName":"shared_teams_1","operationId":"PostChannelAdaptiveCard"},"parameters":{"groupId":"@outputs('TeamID')","PostAdaptiveCardRequest/recipient/channelId":"@outputs('ChannelID')","PostAdaptiveCardRequest/messageBody":"@outputs('AdaptiveCard')"},"authentication":{"value":"@json(decodeBase64(triggerOutputs().headers['X-MS-APIM-Tokens']))['$ConnectionKey']","type":"Raw"}}},"Respond_to_a_PowerApp_or_flow":{"runAfter":{"Post_your_own_adaptive_card_as_the_Flow_bot_to_a_channel_2":["Succeeded"]},"type":"Response","kind":"PowerApp","inputs":{"statusCode":200,"body":{"messageid":"@outputs('Post_your_own_adaptive_card_as_the_Flow_bot_to_a_channel_2')?['body/id']"},"schema":{"type":"object","properties":{"messageid":{"title":"MessageID","x-ms-dynamically-added":true,"type":"string"}}}}}},"outputs":{},"description":"Create one or more actions to happen when a button or link in PowerApps is selected. To use this flow from a PowerApp, select the control you want to trigger the flow and go to the Action tab in the PowerApps ribbon and select Flows."},"connectionReferences":{"shared_teams_1":{"connectionName":"bdb19c1e9ee840579416d7b295902cc2","source":"Invoker","id":"/providers/Microsoft.PowerApps/apis/shared_teams","tier":"NotSpecified"}},"flowFailureAlertSubscribed":false}}