{"name":"9982ae8b-a8ec-448b-a7d9-02bb5b15f93f","id":"/providers/Microsoft.Flow/flows/9982ae8b-a8ec-448b-a7d9-02bb5b15f93f","type":"Microsoft.Flow/flows","properties":{"apiId":"/providers/Microsoft.PowerApps/apis/shared_logicflows","displayName":"PowerTab-Reply","definition":{"metadata":{"workflowEntityId":null,"creator":{"id":"cb4d216f-1e86-4b8b-94f0-c213b258d376","type":"User","tenantId":"f1265e86-ad12-460a-bd6b-e0f9394bc80b"},"provisioningMethod":"FromDefinition","failureAlertSubscription":true,"clientLastModifiedTime":"2020-03-08T21:26:49.2317262Z"},"$schema":"https://schema.management.azure.com/providers/Microsoft.Logic/schemas/2016-06-01/workflowdefinition.json#","contentVersion":"1.0.0.0","parameters":{"$connections":{"defaultValue":{},"type":"Object"},"$authentication":{"defaultValue":{},"type":"SecureObject"}},"triggers":{"manual":{"type":"Request","kind":"PowerApp","inputs":{"schema":{"type":"object","properties":{"GroupID_Inputs":{"type":"any","description":"Inputs","x-ms-powerflows-param-ispartial":false},"ChannelID_Inputs":{"type":"any","description":"Inputs","x-ms-powerflows-param-ispartial":false},"replytoMessageId_Inputs":{"type":"any","description":"Inputs","x-ms-powerflows-param-ispartial":false},"Message_Inputs":{"type":"any","description":"Inputs","x-ms-powerflows-param-ispartial":false}},"required":["GroupID_Inputs","ChannelID_Inputs","replytoMessageId_Inputs","Message_Inputs"]}}}},"actions":{"Inputs":{"actions":{"Message":{"runAfter":{"replytoMessageId":["Succeeded"]},"type":"Compose","inputs":"@triggerBody()['Message_Inputs']"},"GroupID":{"runAfter":{"Message":["Succeeded"]},"type":"Compose","inputs":"@triggerBody()['GroupID_Inputs']"},"ChannelID":{"runAfter":{"GroupID":["Succeeded"]},"type":"Compose","inputs":"@triggerBody()['ChannelID_Inputs']"},"replytoMessageId":{"runAfter":{},"type":"Compose","inputs":"@triggerBody()['replytoMessageId_Inputs']"}},"runAfter":{},"type":"Scope"},"Post_a_reply_to_a_message_(V2)":{"runAfter":{"Inputs":["Succeeded"]},"metadata":{"flowSystemMetadata":{"swaggerOperationId":"PostReplyToMessageV2"}},"type":"ApiConnection","inputs":{"host":{"connection":{"name":"@json(decodeBase64(triggerOutputs().headers['X-MS-APIM-Tokens']))['$connections']['shared_teams_1']['connectionId']"},"api":{"runtimeUrl":"https://europe-002.azure-apim.net/apim/teams"}},"method":"post","body":{"body":{"content":"<p>@{outputs('Message')}</p>","contentType":"html"}},"path":"/v2/beta/teams/@{encodeURIComponent(outputs('GroupID'))}/channels/@{encodeURIComponent(outputs('ChannelID'))}/messages/@{encodeURIComponent(outputs('replytoMessageId'))}/replies","authentication":{"type":"Raw","value":"@json(decodeBase64(triggerOutputs().headers['X-MS-APIM-Tokens']))['$ConnectionKey']"}}}},"outputs":{},"description":"Create one or more actions to happen when a button or link in PowerApps is selected. To use this flow from a PowerApp, select the control you want to trigger the flow and go to the Action tab in the PowerApps ribbon and select Flows."},"connectionReferences":{"shared_teams_1":{"connectionName":"bdb19c1e9ee840579416d7b295902cc2","source":"Invoker","id":"/providers/Microsoft.PowerApps/apis/shared_teams","tier":"NotSpecified"}},"flowFailureAlertSubscribed":false}}